Rms,EventID,Location,Latitude,Longitude,Depth,Type,Magnitude,Country,Province,District,Neighborhood,Date,isEventUpdate,lastUpdateDate
0.41,583026,Göksun (Kahramanmaraş),37.968,36.301,7.01,ML,3.1,Türkiye,Kahramanmaraş,Göksun,Kazandere,2023-05-11 01:53:33,False,
0.35,583087,Yeşilyurt (Malatya),38.286,38.298,11.16,MW,3.4,Türkiye,Malatya,Yeşilyurt,Yeni,2023-05-11 10:08:01,False,
0.36,583088,Yeşilyurt (Malatya),38.291,38.289,12.17,ML,3.1,Türkiye,Malatya,Yeşilyurt,Yeni,2023-05-11 10:08:01,False,
0.61,583167,"Maku, West Azarbaijan (İran) - [21.00 km] Aralık (Iğdır)",39.637,44.651,7.0,MW,3.8,İran,,,,2023-05-11 16:17:43,False,
0.49,583246,Saimbeyli (Adana),37.899,36.206,12.14,ML,3.4,Türkiye,Adana,Saimbeyli,Aksaağaç,2023-05-12 00:54:08,False,
0.24,583289,Saimbeyli (Adana),37.855,36.203,7.0,ML,3.1,Türkiye,Adana,Saimbeyli,Karakuyu,2023-05-12 06:11:13,False,
0.56,583323,Saimbeyli (Adana),37.839,36.222,7.02,MW,4.3,Türkiye,Adana,Saimbeyli,Karakuyu,2023-05-12 08:36:24,False,
0.35,583319,Saimbeyli (Adana),37.874,36.254,7.0,ML,4.5,Türkiye,Adana,Saimbeyli,Karakuyu,2023-05-12 08:33:21,False,
0.39,583157,Göksun (Kahramanmaraş),38.066,36.589,11.56,MW,4.0,Türkiye,Kahramanmaraş,Göksun,Hacıömer,2023-05-11 14:57:04,False,
0.41,583526,Gölbaşı (Adıyaman),37.927,37.631,7.0,ML,3.5,Türkiye,Adıyaman,Gölbaşı,Hamzalar,2023-05-12 21:43:11,False,
0.27,583532,Türkoğlu (Kahramanmaraş),37.275,36.783,7.0,MW,3.7,Türkiye,Kahramanmaraş,Türkoğlu,Şekeroba,2023-05-12 21:58:04,False,
0.26,583533,Saimbeyli (Adana),37.888,36.243,7.0,ML,3.1,Türkiye,Adana,Saimbeyli,Karakuyu,2023-05-12 21:59:19,False,
0.56,583535,Aladağ (Adana),37.607,35.372,5.87,MW,3.8,Türkiye,Adana,Aladağ,Yetimli,2023-05-12 22:12:47,False,
0.35,583594,Saimbeyli (Adana),37.874,36.245,7.99,ML,3.4,Türkiye,Adana,Saimbeyli,Karakuyu,2023-05-13 01:42:26,False,
0.42,583638,Saimbeyli (Adana),37.908,36.259,7.0,ML,3.2,Türkiye,Adana,Saimbeyli,Aksaağaç,2023-05-13 04:31:34,False,
0.58,583661,Elbistan (Kahramanmaraş),38.375,37.386,7.0,ML,3.2,Türkiye,Kahramanmaraş,Elbistan,Yalıntaş,2023-05-13 05:55:53,True,5/13/2023 6:09:04 AM
0.62,583663,Saimbeyli (Adana),37.886,36.267,7.0,ML,3.4,Türkiye,Adana,Saimbeyli,Topallar,2023-05-13 06:28:17,False,
0.62,583692,Göksun (Kahramanmaraş),38.04,36.56,7.0,ML,3.7,Türkiye,Kahramanmaraş,Göksun,Temürağa,2023-05-13 13:53:15,False,
0.46,583725,Saimbeyli (Adana),37.889,36.264,10.4,ML,3.6,Türkiye,Adana,Saimbeyli,Topallar,2023-05-13 18:02:59,False,
0.24,583761,Battalgazi (Malatya),38.151,38.587,7.47,MW,4.0,Türkiye,Malatya,Battalgazi,Tekederesi,2023-05-13 19:54:45,False,
0.34,583916,Ekinözü (Kahramanmaraş),38.035,37.187,7.06,ML,3.2,Türkiye,Kahramanmaraş,Ekinözü,İçmeler,2023-05-14 10:47:12,False,
0.25,583919,Saimbeyli (Adana),37.868,36.226,7.42,ML,3.9,Türkiye,Adana,Saimbeyli,Karakuyu,2023-05-14 12:06:09,False,
0.72,583927,Saimbeyli (Adana),37.916,36.221,7.0,ML,3.1,Türkiye,Adana,Saimbeyli,Aksaağaç,2023-05-14 13:43:24,False,
0.63,583937,Doğanşehir (Malatya),38.026,37.624,7.0,MW,3.6,Türkiye,Malatya,Doğanşehir,Gövdeli,2023-05-14 16:30:33,False,
0.64,584010,Onikişubat (Kahramanmaraş),37.854,36.553,5.21,ML,3.1,Türkiye,Kahramanmaraş,Onikişubat,Kumarlı,2023-05-15 00:47:38,False,
0.38,584066,Andırın (Kahramanmaraş),37.824,36.298,12.55,ML,3.1,Türkiye,Kahramanmaraş,Andırın,Çiğşar,2023-05-15 06:31:16,False,
0.65,584080,Göksun (Kahramanmaraş),37.84,36.307,8.71,ML,3.2,Türkiye,Kahramanmaraş,Göksun,Payamburnu,2023-05-15 07:35:10,False,
0.76,584081,Saimbeyli (Adana),37.833,36.111,5.97,ML,3.2,Türkiye,Adana,Saimbeyli,Himmetli,2023-05-15 07:36:24,False,
0.32,584103,Doğanşehir (Malatya),38.015,37.639,6.98,MW,3.7,Türkiye,Malatya,Doğanşehir,Gövdeli,2023-05-15 10:58:12,False,
0.4,584133,Elbistan (Kahramanmaraş),38.162,37.376,6.99,ML,3.3,Türkiye,Kahramanmaraş,Elbistan,Akbayır,2023-05-15 14:20:35,False,
0.22,584190,Doğanşehir (Malatya),38.026,37.626,7.0,ML,3.3,Türkiye,Malatya,Doğanşehir,Gövdeli,2023-05-15 19:03:47,False,
0.3,584214,Darende (Malatya),38.443,37.677,7.16,ML,3.1,Türkiye,Malatya,Darende,Karabayır,2023-05-15 21:06:29,False,
0.68,584236,Göksun (Kahramanmaraş),38.156,36.622,7.02,ML,3.1,Türkiye,Kahramanmaraş,Göksun,Yeniyapan,2023-05-15 22:39:34,False,
0.47,584336,Göksun (Kahramanmaraş),38.134,36.925,7.0,ML,3.3,Türkiye,Kahramanmaraş,Göksun,Soğucak,2023-05-16 04:29:26,False,
0.44,584352,Göksun (Kahramanmaraş),38.076,36.563,10.8,ML,3.1,Türkiye,Kahramanmaraş,Göksun,Ortatepe,2023-05-16 06:15:56,False,
0.87,584388,Merkez (Osmaniye),37.041,36.34,7.03,ML,3.4,Türkiye,Osmaniye,Merkez,Gökbekirli,2023-05-16 09:22:03,False,
0.37,584435,Aşkale (Erzurum),39.761,40.62,7.0,ML,3.2,Türkiye,Erzurum,Aşkale,Akören,2023-05-16 12:05:52,False,
0.96,584628,"Kobuleti, Acara (Gürcistan) - [36.08 km] Borçka (Artvin)",41.792,42.105,7.0,MW,3.5,Gürcistan,,,,2023-05-17 04:30:05,False,
0.23,584669,Aşkale (Erzurum),39.863,40.872,7.0,ML,3.2,Türkiye,Erzurum,Aşkale,Kandilli,2023-05-17 08:37:50,False,
0.31,584714,Göksun (Kahramanmaraş),37.989,36.327,7.0,ML,3.2,Türkiye,Kahramanmaraş,Göksun,Huğtaş,2023-05-17 12:51:49,False,
0.4,584825,Yahyalı (Kayseri),37.857,35.309,6.97,ML,3.1,Türkiye,Kayseri,Yahyalı,Ulupınar,2023-05-17 21:44:23,False,
0.35,584837,Doğanşehir (Malatya),37.992,38.151,10.69,ML,3.1,Türkiye,Malatya,Doğanşehir,Kurucaova,2023-05-17 22:46:24,False,
0.46,584880,Ege Denizi - [18.68 km] Ayvacık (Çanakkale),39.324,26.148,11.98,MW,3.5,Türkiye,Çanakkale,Ayvacık,,2023-05-18 01:30:57,False,
0.44,585018,Doğanşehir (Malatya),38.196,37.844,6.76,ML,3.2,Türkiye,Malatya,Doğanşehir,Polat,2023-05-18 16:23:26,False,
0.46,585029,Doğanşehir (Malatya),38.043,37.686,7.05,ML,3.1,Türkiye,Malatya,Doğanşehir,Beğre,2023-05-18 17:19:22,False,
0.47,585088,Doğanşehir (Malatya),38.046,37.673,12.21,ML,3.5,Türkiye,Malatya,Doğanşehir,Beğre,2023-05-19 03:14:41,False,
0.49,585100,Merkez (Adıyaman),37.964,38.191,7.0,ML,3.1,Türkiye,Adıyaman,Merkez,Koçali,2023-05-19 04:26:49,False,
0.39,585108,Battalgazi (Malatya),38.165,38.58,7.0,ML,3.2,Türkiye,Malatya,Battalgazi,Yaygın,2023-05-19 06:22:26,False,
0.55,585121,Akçadağ (Malatya),38.312,37.872,12.56,MW,4.1,Türkiye,Malatya,Akçadağ,Hançerli,2023-05-19 08:23:36,False,
0.21,585127,Doğanşehir (Malatya),38.169,37.957,9.39,ML,3.4,Türkiye,Malatya,Doğanşehir,Polatdere,2023-05-19 09:28:05,False,
0.44,585130,Ege Denizi - Kuşadası Körfezi - [21.58 km] Menderes (İzmir),37.856,26.966,7.63,ML,3.3,Türkiye,İzmir,Menderes,,2023-05-19 10:26:52,False,
0.3,585286,Yeşilyurt (Malatya),38.172,38.124,6.99,MW,3.9,Türkiye,Malatya,Yeşilyurt,Oluklu,2023-05-20 00:55:24,False,
0.33,585319,Defne (Hatay),36.224,36.071,6.85,ML,3.7,Türkiye,Hatay,Defne,Toygarlı,2023-05-20 03:03:30,False,
0.26,585358,Yeşilyurt (Malatya),38.169,38.29,7.0,ML,3.1,Türkiye,Malatya,Yeşilyurt,Ortaköy,2023-05-20 06:06:15,False,
0.18,585365,Battalgazi (Malatya),38.162,38.603,7.1,ML,3.5,Türkiye,Malatya,Battalgazi,Tekederesi,2023-05-20 09:16:01,False,
0.41,585374,"Talafar, Ninova (Irak) - [53.83 km] Silopi (Şırnak)",36.656,42.568,6.06,ML,3.4,Irak,,,,2023-05-20 12:20:56,False,
0.39,585422,Erzin (Hatay),36.977,36.074,7.0,ML,3.2,Türkiye,Hatay,Erzin,Turunçlu,2023-05-20 20:10:20,False,
0.37,585469,Saimbeyli (Adana),37.895,36.277,7.0,ML,3.5,Türkiye,Adana,Saimbeyli,Topallar,2023-05-21 01:40:02,False,
0.2,585485,Pütürge (Malatya),38.264,38.744,9.09,ML,3.2,Türkiye,Malatya,Pütürge,Balpınarı,2023-05-21 02:26:59,False,
0.14,585541,Defne (Hatay),36.143,36.085,7.0,ML,3.1,Türkiye,Hatay,Defne,Tavla,2023-05-21 07:58:50,False,
0.52,585560,Saimbeyli (Adana),37.868,36.244,4.47,ML,3.2,Türkiye,Adana,Saimbeyli,Karakuyu,2023-05-21 12:55:14,False,
0.45,585573,Saimbeyli (Adana),37.908,36.271,7.53,ML,3.1,Türkiye,Adana,Saimbeyli,Topallar,2023-05-21 13:19:33,False,
0.19,585578,Saimbeyli (Adana),37.909,36.271,6.75,MW,3.7,Türkiye,Adana,Saimbeyli,Topallar,2023-05-21 13:41:42,False,
0.34,585608,Haliliye (Şanlıurfa),37.276,39.24,13.23,ML,3.5,Türkiye,Şanlıurfa,Haliliye,Sumaklı,2023-05-21 15:51:11,False,
0.86,585620,Saimbeyli (Adana),37.911,36.201,7.0,ML,3.7,Türkiye,Adana,Saimbeyli,Aksaağaç,2023-05-21 16:57:27,False,
0.68,585633,Andırın (Kahramanmaraş),37.787,36.389,8.07,ML,3.8,Türkiye,Kahramanmaraş,Andırın,Geben,2023-05-21 18:56:16,False,
0.26,585717,Menemen (İzmir),38.618,27.067,11.7,ML,3.1,Türkiye,İzmir,Menemen,Mermerli,2023-05-22 01:23:56,False,
0.55,585734,Antakya (Hatay),36.297,36.086,10.98,MW,3.4,Türkiye,Hatay,Antakya,Karlısu,2023-05-22 03:27:36,False,
0.57,585755,Akdeniz - Antalya Körfezi - [35.60 km] Manavgat (Antalya),36.522,31.113,55.34,MW,3.7,Türkiye,Antalya,Manavgat,,2023-05-22 04:51:19,False,
0.34,585781,Dulkadiroğlu (Kahramanmaraş),37.505,37.131,13.16,ML,3.7,Türkiye,Kahramanmaraş,Dulkadiroğlu,Doğanlıkarahasan,2023-05-22 07:13:22,False,
0.49,585795,Andırın (Kahramanmaraş),37.786,36.392,7.08,ML,3.3,Türkiye,Kahramanmaraş,Andırın,Geben,2023-05-22 09:03:10,False,
0.92,585805,Elbistan (Kahramanmaraş),38.306,37.417,7.03,MW,3.3,Türkiye,Kahramanmaraş,Elbistan,Aksakal,2023-05-22 10:37:56,False,
0.37,585813,Doğanşehir (Malatya),38.05,37.731,12.96,ML,3.1,Türkiye,Malatya,Doğanşehir,Elmalı,2023-05-22 11:47:09,False,
0.53,585816,Doğanşehir (Malatya),38.042,37.727,8.93,MW,3.4,Türkiye,Malatya,Doğanşehir,Elmalı,2023-05-22 12:34:56,False,
0.47,585833,Saimbeyli (Adana),37.853,36.234,7.07,ML,3.2,Türkiye,Adana,Saimbeyli,Karakuyu,2023-05-22 15:29:03,False,
0.49,585839,Göksun (Kahramanmaraş),37.932,36.302,7.0,MW,4.7,Türkiye,Kahramanmaraş,Göksun,Hacıkodal,2023-05-22 16:06:58,True,5/22/2023 10:01:47 PM
0.36,585922,Yeşilyurt (Malatya),38.261,38.153,7.0,ML,3.5,Türkiye,Malatya,Yeşilyurt,Seyituşağı,2023-05-22 21:32:51,False,
0.35,585934,Göksun (Kahramanmaraş),37.906,36.298,7.01,ML,3.5,Türkiye,Kahramanmaraş,Göksun,Hacıkodal,2023-05-22 21:47:49,False,
0.41,585973,Afşin (Kahramanmaraş),38.134,37.038,7.02,ML,3.7,Türkiye,Kahramanmaraş,Afşin,Ortaklı,2023-05-22 23:57:44,False,
0.62,586023,Saimbeyli (Adana),37.872,36.275,7.0,ML,3.2,Türkiye,Adana,Saimbeyli,Topallar,2023-05-23 02:54:04,False,
0.52,586054,Saimbeyli (Adana),37.847,36.246,7.0,ML,3.1,Türkiye,Adana,Saimbeyli,Karakuyu,2023-05-23 05:17:16,False,
0.37,586076,Göksun (Kahramanmaraş),37.914,36.306,10.57,ML,3.1,Türkiye,Kahramanmaraş,Göksun,Hacıkodal,2023-05-23 07:56:49,False,
0.5,586159,Nurdağı (Gaziantep),37.206,36.869,4.54,ML,3.6,Türkiye,Gaziantep,Nurdağı,Nogaylar,2023-05-23 19:30:12,False,
0.53,586185,Onikişubat (Kahramanmaraş),37.874,36.64,7.0,ML,3.1,Türkiye,Kahramanmaraş,Onikişubat,Tekir,2023-05-23 21:40:21,False,
0.41,586193,Onikişubat (Kahramanmaraş),37.877,36.631,7.0,ML,3.1,Türkiye,Kahramanmaraş,Onikişubat,Tekir,2023-05-23 23:00:18,False,
0.33,586293,Ege Denizi - [12.77 km] Ayvacık (Çanakkale),39.388,26.271,7.13,ML,3.3,Türkiye,Çanakkale,Ayvacık,,2023-05-24 08:20:53,False,
0.36,586398,Onikişubat (Kahramanmaraş),37.796,36.542,7.0,ML,3.3,Türkiye,Kahramanmaraş,Onikişubat,Kaynar,2023-05-24 17:21:31,False,
0.43,586453,Akçadağ (Malatya),38.296,37.819,11.85,MW,3.6,Türkiye,Malatya,Akçadağ,Ortaköy,2023-05-24 21:11:49,False,
0.32,586527,Ege Denizi - Kuşadası Körfezi - [08.43 km] Kuşadası (Aydın),37.869,27.152,4.99,ML,3.1,Türkiye,Aydın,Kuşadası,,2023-05-25 03:52:54,False,
0.3,586630,Göksun (Kahramanmaraş),37.905,36.286,7.02,MW,3.5,Türkiye,Kahramanmaraş,Göksun,Hacıkodal,2023-05-25 20:16:36,False,
0.49,586704,Marmara Denizi - [16.21 km] Marmaraereğlisi (Tekirdağ),40.86,28.091,6.97,MW,3.1,Türkiye,Tekirdağ,Marmaraereğlisi,,2023-05-26 05:59:31,False,
0.38,586716,Sındırgı (Balıkesir),39.121,28.155,11.76,ML,3.1,Türkiye,Balıkesir,Sındırgı,Kınık,2023-05-26 08:05:35,False,
0.67,586727,Gürün (Sivas),38.817,37.354,7.0,MW,3.2,Türkiye,Sivas,Gürün,Kaledere,2023-05-26 10:14:34,False,
0.22,586740,Ege Denizi - Kuşadası Körfezi - [08.37 km] Kuşadası (Aydın),37.873,27.154,7.06,ML,3.1,Türkiye,Aydın,Kuşadası,,2023-05-26 11:30:26,False,
0.4,586747,Göksun (Kahramanmaraş),37.928,36.309,12.53,ML,3.9,Türkiye,Kahramanmaraş,Göksun,Hacıkodal,2023-05-26 12:32:30,False,
0.6,586774,Pazarcık (Kahramanmaraş),37.623,37.341,9.9,ML,3.2,Türkiye,Kahramanmaraş,Pazarcık,Karaağaç,2023-05-26 17:15:01,False,
0.68,586777,Göksun (Kahramanmaraş),37.956,36.317,7.0,ML,3.4,Türkiye,Kahramanmaraş,Göksun,Hacıkodal,2023-05-26 17:38:38,False,
0.6,586781,Elbistan (Kahramanmaraş),38.336,37.418,6.99,MW,3.7,Türkiye,Kahramanmaraş,Elbistan,Beştepe,2023-05-26 19:05:10,False,
0.32,586785,Tut (Adıyaman),37.8,37.889,10.16,ML,3.1,Türkiye,Adıyaman,Tut,Cumhuriyet,2023-05-26 19:33:12,False,
0.53,586814,Nurhak (Kahramanmaraş),38.007,37.405,7.01,ML,3.3,Türkiye,Kahramanmaraş,Nurhak,Alçiçek Değirmenkaya,2023-05-26 22:32:34,False,
0.58,586832,Onikişubat (Kahramanmaraş),37.835,36.563,10.62,ML,3.1,Türkiye,Kahramanmaraş,Onikişubat,Çukurhisar,2023-05-27 02:30:54,False,
0.45,586865,Doğanşehir (Malatya),37.953,37.699,7.01,ML,3.5,Türkiye,Malatya,Doğanşehir,Örencik,2023-05-27 03:45:22,False,
0.45,586959,Göksun (Kahramanmaraş),37.904,36.303,10.09,MW,3.9,Türkiye,Kahramanmaraş,Göksun,Hacıkodal,2023-05-27 21:36:05,False,
0.19,587037,Pütürge (Malatya),38.286,38.754,13.71,ML,3.1,Türkiye,Malatya,Pütürge,Pazarcık,2023-05-28 04:26:18,False,
0.41,587045,Türkoğlu (Kahramanmaraş),37.395,36.897,6.74,MW,3.6,Türkiye,Kahramanmaraş,Türkoğlu,Kılılı,2023-05-28 05:51:19,False,
0.61,587134,Kemalpaşa (İzmir),38.337,27.539,7.0,ML,3.1,Türkiye,İzmir,Kemalpaşa,Bayramlı,2023-05-28 14:57:49,False,
0.32,587183,Göksun (Kahramanmaraş),38.142,36.644,9.66,ML,3.1,Türkiye,Kahramanmaraş,Göksun,Yeniyapan,2023-05-28 22:05:42,False,
0.62,587196,"Sinjar, Ninova (Irak) - [79.22 km] Nusaybin (Mardin)",36.41,41.82,7.22,MW,3.5,Irak,,,,2023-05-28 23:23:39,False,
0.5,587216,Elbistan (Kahramanmaraş),38.288,37.212,7.0,ML,3.6,Türkiye,Kahramanmaraş,Elbistan,Küçükyapalak,2023-05-29 02:51:59,False,
0.19,587220,Göksun (Kahramanmaraş),38.109,36.553,6.98,ML,3.1,Türkiye,Kahramanmaraş,Göksun,Çamdere,2023-05-29 03:09:55,False,
0.57,587249,Akdeniz - [08.25 km] Samandağ (Hatay),36.151,35.852,17.33,MW,3.7,Türkiye,Hatay,Samandağ,,2023-05-29 06:47:02,False,
0.71,587387,Arıcak (Elazığ),38.492,40.281,7.0,MW,3.6,Türkiye,Elazığ,Arıcak,Kutlu Düğün,2023-05-30 02:53:30,False,
0.56,587423,Yahyalı (Kayseri),37.694,35.356,10.55,ML,3.5,Türkiye,Kayseri,Yahyalı,Büyükçakır,2023-05-30 09:05:15,False,
0.53,587435,Darende (Malatya),38.454,37.545,6.97,ML,3.9,Türkiye,Malatya,Darende,Yenice,2023-05-30 11:20:32,False,
0.35,587438,Göksun (Kahramanmaraş),37.894,36.291,7.0,ML,3.9,Türkiye,Kahramanmaraş,Göksun,Payamburnu,2023-05-30 12:05:33,False,
0.46,587442,Darende (Malatya),38.458,37.557,7.08,ML,3.1,Türkiye,Malatya,Darende,Çaybaşı,2023-05-30 12:04:08,True,5/30/2023 12:39:43 PM
0.45,587486,Doğanşehir (Malatya),38.171,37.856,9.89,ML,3.1,Türkiye,Malatya,Doğanşehir,Polat,2023-05-30 16:48:18,False,
0.28,587516,Doğanşehir (Malatya),38.152,37.843,8.13,ML,3.3,Türkiye,Malatya,Doğanşehir,Polat,2023-05-30 18:44:20,False,
0.3,587528,Yeşilyurt (Malatya),38.257,38.176,7.0,MW,3.6,Türkiye,Malatya,Yeşilyurt,Seyituşağı,2023-05-30 20:09:31,False,
0.41,587659,Saruhanlı (Manisa),38.652,27.624,9.61,ML,3.4,Türkiye,Manisa,Saruhanlı,Koldere,2023-05-31 05:36:16,False,
0.78,587738,Saimbeyli (Adana),38.091,36.228,7.0,ML,3.1,Türkiye,Adana,Saimbeyli,Beypınarı,2023-05-31 12:35:20,False,
0.23,587815,Pütürge (Malatya),38.259,38.754,7.42,ML,3.5,Türkiye,Malatya,Pütürge,Balpınarı,2023-05-31 19:46:40,False,
0.32,587887,Karaköprü (Şanlıurfa),37.412,38.737,12.83,ML,3.7,Türkiye,Şanlıurfa,Karaköprü,İlhan,2023-06-01 05:42:13,False,
0.3,587894,Kırıkhan (Hatay),36.501,36.347,7.0,ML,3.3,Türkiye,Hatay,Kırıkhan,Kurtuluş,2023-06-01 07:05:21,False,
0.31,588077,Marmara Denizi - Gemlik Körfezi - [03.78 km] Gemlik (Bursa),40.442,29.068,5.14,MW,3.5,Türkiye,Bursa,Gemlik,,2023-06-02 00:52:42,False,
0.47,588108,Çatak (Van),37.973,42.907,14.81,ML,3.4,Türkiye,Van,Çatak,Korulu,2023-06-01 22:42:45,False,
0.47,588171,Darende (Malatya),38.441,37.549,7.02,MW,3.3,Türkiye,Malatya,Darende,Yenice,2023-06-02 06:03:30,False,
0.43,588179,Darende (Malatya),38.452,37.544,6.99,MW,3.6,Türkiye,Malatya,Darende,Yenice,2023-06-02 07:34:40,False,
0.32,588264,Yeşilyurt (Malatya),38.277,38.294,10.57,ML,3.2,Türkiye,Malatya,Yeşilyurt,Yeni,2023-06-02 22:22:05,False,
0.42,588276,Nurdağı (Gaziantep),37.17,36.895,8.86,ML,3.5,Türkiye,Gaziantep,Nurdağı,Sakçagözü,2023-06-02 23:07:20,False,
0.37,588286,Nurdağı (Gaziantep),37.156,36.686,9.27,ML,3.2,Türkiye,Gaziantep,Nurdağı,Olucak,2023-06-03 00:03:26,False,
0.5,588314,Darende (Malatya),38.454,37.554,10.13,ML,3.3,Türkiye,Malatya,Darende,Çaybaşı,2023-06-03 07:56:52,False,
0.46,588329,Aladağ (Adana),37.614,35.398,5.36,ML,3.8,Türkiye,Adana,Aladağ,Darılık,2023-06-03 10:34:21,True,6/3/2023 10:56:39 AM
0.48,588330,Marmara Denizi - Gemlik Körfezi - [06.45 km] Gemlik (Bursa),40.42,29.02,11.87,ML,3.1,Türkiye,Bursa,Gemlik,,2023-06-03 11:07:51,False,
0.38,588363,Doğanşehir (Malatya),38.036,37.694,9.63,ML,3.1,Türkiye,Malatya,Doğanşehir,Beğre,2023-06-03 16:00:00,False,
0.28,588458,Battalgazi (Malatya),38.184,38.57,7.24,ML,3.5,Türkiye,Malatya,Battalgazi,Gülümuşağı,2023-06-04 01:31:35,False,
0.44,588463,Gürsu (Bursa),40.256,29.235,8.64,ML,3.2,Türkiye,Bursa,Gürsu,Karahıdır,2023-06-04 03:23:47,False,
0.33,588737,Akçadağ (Malatya),38.267,37.719,10.51,ML,3.5,Türkiye,Malatya,Akçadağ,Harunuşağı,2023-06-05 12:39:22,False,
0.26,588779,Dulkadiroğlu (Kahramanmaraş),37.59,37.107,14.45,ML,3.6,Türkiye,Kahramanmaraş,Dulkadiroğlu,Bulanık,2023-06-06 03:31:29,False,
0.26,588797,Dulkadiroğlu (Kahramanmaraş),37.498,37.179,7.06,ML,3.1,Türkiye,Kahramanmaraş,Dulkadiroğlu,Söğütlü,2023-06-05 23:43:27,False,
0.46,588844,Elbistan (Kahramanmaraş),38.185,37.381,6.72,ML,3.3,Türkiye,Kahramanmaraş,Elbistan,Bakış,2023-06-06 10:00:48,False,
0.57,589008,İslahiye (Gaziantep),36.9,36.581,13.13,MW,3.7,Türkiye,Gaziantep,İslahiye,Yeşilyurt,2023-06-07 05:07:04,False,
0.59,589024,Darende (Malatya),38.476,37.571,7.0,ML,3.3,Türkiye,Malatya,Darende,Çaybaşı,2023-06-07 06:33:59,False,
0.45,589029,Sincik (Adıyaman),38.11,38.458,7.0,ML,3.2,Türkiye,Adıyaman,Sincik,Karaköse,2023-06-07 06:58:43,False,
0.65,589069,Göksun (Kahramanmaraş),37.918,36.313,7.0,ML,3.3,Türkiye,Kahramanmaraş,Göksun,Hacıkodal,2023-06-07 10:30:41,False,
0.29,589106,Darende (Malatya),38.424,37.537,7.12,ML,3.1,Türkiye,Malatya,Darende,Şuğul,2023-06-07 15:54:46,False,
0.67,589125,Çüngüş (Diyarbakır),38.231,39.389,7.0,MW,3.8,Türkiye,Diyarbakır,Çüngüş,Elmadere,2023-06-07 18:23:08,False,
0.23,589165,Mustafakemalpaşa (Bursa),39.922,28.324,7.0,ML,3.1,Türkiye,Bursa,Mustafakemalpaşa,Karapınar,2023-06-07 23:15:51,False,
0.26,589186,Göksun (Kahramanmaraş),38.091,36.927,7.02,ML,3.3,Türkiye,Kahramanmaraş,Göksun,Karatut,2023-06-07 23:55:48,False,
0.34,589222,Andırın (Kahramanmaraş),37.79,36.271,6.99,MW,4.2,Türkiye,Kahramanmaraş,Andırın,Çiğşar,2023-06-08 03:38:41,False,
0.31,589237,Doğanşehir (Malatya),38.051,37.702,7.0,ML,3.1,Türkiye,Malatya,Doğanşehir,Beğre,2023-06-08 04:23:37,False,
0.39,585555,Saimbeyli (Adana),37.889,36.237,6.67,MW,4.9,Türkiye,Adana,Saimbeyli,Karakuyu,2023-05-21 12:46:13,False,
0.42,585656,Saimbeyli (Adana),37.881,36.223,7.0,MW,4.0,Türkiye,Adana,Saimbeyli,Karakuyu,2023-05-21 20:16:22,False,
0.42,585840,Saimbeyli (Adana),37.876,36.269,7.0,MW,4.5,Türkiye,Adana,Saimbeyli,Karakuyu,2023-05-22 16:42:58,True,5/22/2023 5:12:50 PM
0.42,585991,Göksun (Kahramanmaraş),37.918,36.297,7.0,MW,4.2,Türkiye,Kahramanmaraş,Göksun,Hacıkodal,2023-05-23 01:12:46,True,5/23/2023 1:22:21 AM
0.22,586608,Pütürge (Malatya),38.122,38.589,6.96,MW,4.1,Türkiye,Malatya,Pütürge,Arıkonak,2023-05-25 15:02:05,False,
0.41,586627,Göksun (Kahramanmaraş),37.919,36.289,7.17,MW,4.0,Türkiye,Kahramanmaraş,Göksun,Hacıkodal,2023-05-25 19:59:06,False,
0.45,588353,Ulaş (Sivas),39.453,37.29,7.0,MW,4.1,Türkiye,Sivas,Ulaş,Örenlice,2023-06-03 15:07:26,False,
0.45,588410,Çüngüş (Diyarbakır),38.254,39.391,7.0,MW,4.2,Türkiye,Diyarbakır,Çüngüş,Atalar,2023-06-03 22:25:20,False,
0.48,588753,Göksun (Kahramanmaraş),37.981,36.554,11.41,MW,4.4,Türkiye,Kahramanmaraş,Göksun,Aslanbeyçiftliği,2023-06-05 16:40:47,False,
0.3,589399,Çayırlı (Erzincan),39.859,39.647,16.52,MW,4.0,Türkiye,Erzincan,Çayırlı,Karataş,2023-06-09 01:49:01,False,
0.34,589401,Göksun (Kahramanmaraş),38.119,36.875,9.79,ML,3.5,Türkiye,Kahramanmaraş,Göksun,Kamışcık,2023-06-09 03:22:47,False,
0.27,589414,Dulkadiroğlu (Kahramanmaraş),37.459,37.168,9.91,ML,3.2,Türkiye,Kahramanmaraş,Dulkadiroğlu,Doğanlıkarahasan,2023-06-09 05:16:03,False,
0.95,589425,Ulukışla (Niğde),37.691,34.567,11.9,ML,3.1,Türkiye,Niğde,Ulukışla,Karacaören,2023-06-09 07:24:25,False,
0.34,589430,Doğanşehir (Malatya),38.084,37.786,12.14,ML,3.3,Türkiye,Malatya,Doğanşehir,Söğüt,2023-06-09 07:48:20,False,
0.19,589472,Battalgazi (Malatya),38.137,38.576,7.3,ML,3.3,Türkiye,Malatya,Battalgazi,Tekederesi,2023-06-09 15:02:52,False,
0.36,589485,Alaca (Çorum),40.254,34.707,8.28,ML,3.2,Türkiye,Çorum,Alaca,Alacahöyük,2023-06-09 16:00:35,False,
0.36,589532,Battalgazi (Malatya),38.276,38.59,13.76,ML,3.1,Türkiye,Malatya,Battalgazi,Tanışık,2023-06-09 20:41:31,False,
0.42,589634,Onikişubat (Kahramanmaraş),37.967,36.6,5.92,ML,3.3,Türkiye,Kahramanmaraş,Onikişubat,Kurucaova,2023-06-10 04:10:55,False,
0.07,589660,Çelikhan (Adıyaman),38.051,38.318,6.87,ML,3.3,Türkiye,Adıyaman,Çelikhan,Köseuşağı,2023-06-10 09:56:37,False,
0.26,589666,Göksun (Kahramanmaraş),38.073,36.586,7.06,ML,3.1,Türkiye,Kahramanmaraş,Göksun,Yağmurlu,2023-06-10 14:26:10,False,
0.6,589765,Saimbeyli (Adana),37.888,36.236,4.85,MW,4.0,Türkiye,Adana,Saimbeyli,Karakuyu,2023-06-11 04:47:13,False,
0.35,589812,Elbistan (Kahramanmaraş),38.068,37.518,6.96,ML,3.3,Türkiye,Kahramanmaraş,Elbistan,Karahasanuşağı,2023-06-11 08:30:25,False,
0.31,589822,Ege Denizi - Kuşadası Körfezi - [10.28 km] Kuşadası (Aydın),37.759,27.121,9.81,ML,3.2,Türkiye,Aydın,Kuşadası,,2023-06-11 08:58:24,False,
0.36,589831,Darende (Malatya),38.429,37.565,7.05,ML,3.6,Türkiye,Malatya,Darende,Aşağıulupınar,2023-06-11 09:40:56,False,
0.46,589963,Saimbeyli (Adana),37.911,36.255,7.0,ML,3.4,Türkiye,Adana,Saimbeyli,Aksaağaç,2023-06-12 01:25:44,False,
0.6,589802,Aziziye (Erzurum),40.134,40.969,7.0,MW,4.6,Türkiye,Erzurum,Aziziye,Rizekent,2023-06-11 07:41:03,True,6/11/2023 7:52:39 AM
0.38,589764,Ege Denizi - Kuşadası Körfezi - [09.98 km] Kuşadası (Aydın),37.754,27.122,7.52,MW,4.2,Türkiye,Aydın,Kuşadası,,2023-06-11 04:42:00,False,
0.43,589864,Saimbeyli (Adana),37.889,36.257,7.0,MW,4.2,Türkiye,Adana,Saimbeyli,Karakuyu,2023-06-11 14:57:02,False,
1.01,590070,Saimbeyli (Adana),37.893,36.247,7.0,ML,3.5,Türkiye,Adana,Saimbeyli,Karakuyu,2023-06-12 11:01:04,False,
0.88,590101,Aziziye (Erzurum),40.135,40.955,7.0,ML,3.1,Türkiye,Erzurum,Aziziye,Rizekent,2023-06-12 16:33:44,False,
0.43,590145,Ege Denizi - [15.91 km] Foça (İzmir),38.79,26.623,9.23,MW,3.6,Türkiye,İzmir,Foça,,2023-06-12 23:56:11,False,
0.64,590175,Elbistan (Kahramanmaraş),38.287,37.251,7.0,ML,3.3,Türkiye,Kahramanmaraş,Elbistan,Küçükyapalak,2023-06-13 05:49:03,False,
0.37,590231,Samandağ (Hatay),36.183,36.052,7.92,ML,3.1,Türkiye,Hatay,Samandağ,Avcılar,2023-06-13 11:59:23,False,
0.52,590288,Onikişubat (Kahramanmaraş),37.875,36.651,6.6,MW,3.8,Türkiye,Kahramanmaraş,Onikişubat,Döngel,2023-06-13 22:01:52,False,
0.45,590294,Onikişubat (Kahramanmaraş),37.861,36.646,7.0,ML,3.1,Türkiye,Kahramanmaraş,Onikişubat,Döngel,2023-06-13 22:30:51,False,
0.29,590340,Sincik (Adıyaman),38.136,38.543,7.29,ML,3.3,Türkiye,Adıyaman,Sincik,Geçitli,2023-06-14 03:01:37,False,
0.52,590350,Battalgazi (Malatya),38.154,38.532,7.02,ML,3.2,Türkiye,Malatya,Battalgazi,Aksu,2023-06-14 03:59:00,False,
0.48,590362,Buca (İzmir),38.339,27.194,10.19,ML,3.9,Türkiye,İzmir,Buca,Zafer,2023-06-14 05:53:57,False,
0.17,590380,Onikişubat (Kahramanmaraş),37.859,36.671,7.0,ML,3.1,Türkiye,Kahramanmaraş,Onikişubat,Döngel,2023-06-14 07:34:58,False,
0.82,590404,Darende (Malatya),38.488,37.609,7.0,ML,3.1,Türkiye,Malatya,Darende,Balaban,2023-06-14 10:31:03,False,
0.51,590411,Çelikhan (Adıyaman),38.075,38.427,7.0,ML,3.1,Türkiye,Adıyaman,Çelikhan,İzci,2023-06-14 11:41:09,False,
0.49,590558,Kadirli (Osmaniye),37.534,36.121,7.02,MW,3.7,Türkiye,Osmaniye,Kadirli,İlbistanlı,2023-06-15 04:37:22,False,
0.45,590564,Ulukışla (Niğde),37.637,34.694,6.99,MW,3.8,Türkiye,Niğde,Ulukışla,Toraman,2023-06-15 05:14:23,False,
0.43,590567,Dörtyol (Hatay),36.825,36.238,8.06,MW,3.6,Türkiye,Hatay,Dörtyol,Özerli,2023-06-15 05:47:37,False,
0.16,590582,Pütürge (Malatya),38.185,38.625,12.15,ML,3.2,Türkiye,Malatya,Pütürge,Esenlik,2023-06-15 07:44:17,False,
0.42,590604,Göksun (Kahramanmaraş),37.99,36.41,7.03,ML,3.9,Türkiye,Kahramanmaraş,Göksun,Huğtaş,2023-06-15 11:39:40,False,
0.22,590635,Sincik (Adıyaman),38.109,38.427,8.51,ML,3.6,Türkiye,Adıyaman,Sincik,Karaköse,2023-06-15 15:58:37,False,
0.3,590661,Doğanşehir (Malatya),37.949,37.669,10.09,ML,3.6,Türkiye,Malatya,Doğanşehir,Hamzalar,2023-06-15 19:00:31,False,
0.8,590809,Van Gölü - [03.15 km] Tuşba (Van),38.67,43.154,7.01,MW,4.1,Türkiye,Van,Tuşba,Mollakasım,2023-06-16 09:54:53,False,
0.42,590871,Doğanşehir (Malatya),38.02,37.604,8.88,ML,3.2,Türkiye,Malatya,Doğanşehir,Gövdeli,2023-06-16 17:56:00,False,
0.44,590917,Marmara Denizi - [19.62 km] Marmaraereğlisi (Tekirdağ),40.808,28.061,11.61,ML,3.2,Türkiye,Tekirdağ,Marmaraereğlisi,,2023-06-16 22:19:59,False,
0.4,590925,Göksun (Kahramanmaraş),37.855,36.456,7.0,ML,3.6,Türkiye,Kahramanmaraş,Göksun,Küçükçamurlu,2023-06-16 23:29:34,False,
0.62,590926,Göksun (Kahramanmaraş),37.85,36.458,7.0,ML,3.1,Türkiye,Kahramanmaraş,Göksun,Küçükçamurlu,2023-06-16 23:31:33,False,
0.44,590943,Bayındır (İzmir),38.196,27.681,7.01,ML,3.3,Türkiye,İzmir,Bayındır,Yusuflu,2023-06-17 01:28:23,False,
0.19,591037,Çağlayancerit (Kahramanmaraş),37.706,37.459,7.0,ML,3.4,Türkiye,Kahramanmaraş,Çağlayancerit,Bozlar,2023-06-17 10:56:04,False,
0.34,591072,Gölbaşı (Adıyaman),37.872,37.817,9.62,ML,3.2,Türkiye,Adıyaman,Gölbaşı,Cankara,2023-06-17 15:00:43,False,
0.28,591141,Battalgazi (Malatya),38.161,38.456,10.14,ML,3.2,Türkiye,Malatya,Battalgazi,Aksu,2023-06-17 22:09:59,False,
0.72,591142,"Khoy, West Azarbaijan (İran) - [50.82 km] Başkale (Van)",38.484,44.983,7.0,ML,3.1,İran,,,,2023-06-17 22:12:09,False,
0.48,591219,Göksun (Kahramanmaraş),38.044,36.6,11.34,ML,3.5,Türkiye,Kahramanmaraş,Göksun,Kale,2023-06-18 04:56:17,False,
0.59,591230,Akçadağ (Malatya),38.285,37.839,5.26,ML,3.6,Türkiye,Malatya,Akçadağ,Ortaköy,2023-06-18 06:22:03,False,
0.59,591240,Elbistan (Kahramanmaraş),38.064,37.506,5.86,ML,3.2,Türkiye,Kahramanmaraş,Elbistan,Karahasanuşağı,2023-06-18 08:07:35,False,
0.43,591305,Saimbeyli (Adana),37.855,36.21,10.15,MW,4.0,Türkiye,Adana,Saimbeyli,Karakuyu,2023-06-18 20:59:21,False,
0.57,591335,Göksun (Kahramanmaraş),37.945,36.325,7.0,MW,4.0,Türkiye,Kahramanmaraş,Göksun,Hacıkodal,2023-06-19 01:21:35,False,
0.41,591345,Göksun (Kahramanmaraş),37.936,36.312,7.0,ML,3.1,Türkiye,Kahramanmaraş,Göksun,Hacıkodal,2023-06-19 02:15:39,False,
0.88,591408,"Khoy, West Azarbaijan (İran) - [32.21 km] Özalp (Van)",38.837,44.622,7.0,MW,4.1,İran,,,,2023-06-19 10:15:37,False,
0.26,591425,Aşkale (Erzurum),39.924,40.736,7.14,ML,3.2,Türkiye,Erzurum,Aşkale,Meydan,2023-06-19 11:20:28,False,
0.59,591437,Defne (Hatay),36.092,36.086,12.67,ML,3.1,Türkiye,Hatay,Defne,Sinanlı,2023-06-19 12:32:32,False,
0.3,591469,Göksun (Kahramanmaraş),37.991,36.552,7.02,ML,3.1,Türkiye,Kahramanmaraş,Göksun,Aslanbeyçiftliği,2023-06-19 18:59:22,False,
0.66,591470,Göksun (Kahramanmaraş),37.995,36.565,7.0,ML,3.2,Türkiye,Kahramanmaraş,Göksun,Yantepe,2023-06-19 19:03:57,False,
0.42,591534,Göksun (Kahramanmaraş),38.004,36.554,6.97,MW,3.7,Türkiye,Kahramanmaraş,Göksun,Yantepe,2023-06-20 00:14:30,False,
0.49,591648,Göksun (Kahramanmaraş),37.959,36.279,10.39,ML,3.5,Türkiye,Kahramanmaraş,Göksun,Kazandere,2023-06-20 18:22:47,False,
0.45,591657,Göksun (Kahramanmaraş),37.982,36.516,7.0,ML,3.6,Türkiye,Kahramanmaraş,Göksun,Kireç,2023-06-20 19:14:31,False,
0.42,591680,Göksun (Kahramanmaraş),37.987,36.639,7.0,ML,3.1,Türkiye,Kahramanmaraş,Göksun,Elmalı,2023-06-20 21:29:47,False,
0.63,591789,Nurdağı (Gaziantep),37.168,36.975,7.0,ML,3.2,Türkiye,Gaziantep,Nurdağı,İkizkuyu,2023-06-21 09:24:27,False,
0.42,591872,Pütürge (Malatya),38.172,38.624,7.0,ML,3.5,Türkiye,Malatya,Pütürge,Tekederesi,2023-06-22 01:11:45,False,
0.45,591873,Türkoğlu (Kahramanmaraş),37.312,37.026,7.0,ML,3.2,Türkiye,Kahramanmaraş,Türkoğlu,Cennetpınarı,2023-06-22 02:06:44,False,
0.6,591881,Göksun (Kahramanmaraş),37.986,36.546,6.94,ML,3.3,Türkiye,Kahramanmaraş,Göksun,Aslanbeyçiftliği,2023-06-22 03:49:14,False,
0.43,591882,Ekinözü (Kahramanmaraş),38.109,37.21,6.97,ML,3.1,Türkiye,Kahramanmaraş,Ekinözü,Akpınar,2023-06-22 04:07:01,False,
0.37,591989,Pazarcık (Kahramanmaraş),37.631,37.341,7.0,ML,3.6,Türkiye,Kahramanmaraş,Pazarcık,Karaağaç,2023-06-22 14:27:44,False,
0.6,592031,Karakoçan (Elazığ),39.121,40.103,4.76,ML,3.1,Türkiye,Elazığ,Karakoçan,Özlüce,2023-06-22 18:17:12,False,
0.65,592130,Merkez (Osmaniye),37.041,36.308,5.07,ML,3.2,Türkiye,Osmaniye,Merkez,Karacalar,2023-06-23 08:08:14,False,
0.2,592193,Doğanşehir (Malatya),38.05,37.694,7.0,MW,3.8,Türkiye,Malatya,Doğanşehir,Beğre,2023-06-23 17:05:24,False,
0.22,592194,Doğanşehir (Malatya),38.039,37.691,7.25,MW,3.8,Türkiye,Malatya,Doğanşehir,Beğre,2023-06-23 17:14:46,False,
0.38,592319,Saimbeyli (Adana),37.89,36.247,6.08,ML,3.8,Türkiye,Adana,Saimbeyli,Karakuyu,2023-06-24 11:20:09,False,
0.37,592320,Akçadağ (Malatya),38.267,37.758,6.13,ML,3.4,Türkiye,Malatya,Akçadağ,Çevirme,2023-06-24 11:27:48,False,
0.39,592355,Bahçe (Osmaniye),37.141,36.621,7.0,ML,3.5,Türkiye,Osmaniye,Bahçe,Merkez,2023-06-24 15:06:33,False,
0.45,592360,Saimbeyli (Adana),37.896,36.244,7.76,ML,3.5,Türkiye,Adana,Saimbeyli,Karakuyu,2023-06-24 16:03:39,False,
0.56,592526,Pazarcık (Kahramanmaraş),37.25,37.03,6.54,ML,3.1,Türkiye,Kahramanmaraş,Pazarcık,Karahüyük,2023-06-25 18:27:22,False,
0.59,592544,Merkez (Çankırı),40.519,33.854,7.01,ML,3.1,Türkiye,Çankırı,Merkez,Ovacık,2023-06-25 22:34:54,False,
0.39,592559,Buca (İzmir),38.339,27.194,10.78,ML,3.3,Türkiye,İzmir,Buca,Zafer,2023-06-26 03:37:37,False,
0.28,592594,"Amedi, Duhok (Irak) - [14.08 km] Çukurca (Hakkari)",37.192,43.386,12.12,MW,4.7,Irak,,,,2023-06-26 06:41:29,False,
0.69,592595,Kelkit (Gümüşhane),40.001,39.66,7.0,ML,3.4,Türkiye,Gümüşhane,Kelkit,Doğankavak,2023-06-26 06:45:29,False,
0.27,592736,Saimbeyli (Adana),37.894,36.248,7.51,MW,3.8,Türkiye,Adana,Saimbeyli,Karakuyu,2023-06-27 02:08:43,False,
0.32,592813,Sivrice (Elazığ),38.449,39.247,6.8,ML,3.1,Türkiye,Elazığ,Sivrice,Huğ Üzü,2023-06-27 15:07:56,False,
0.51,592832,Seyhan (Adana),36.987,35.295,6.83,ML,3.2,Türkiye,Adana,Seyhan,Şakirpaşa,2023-06-27 18:33:05,True,6/27/2023 6:42:53 PM
0.38,592835,Darende (Malatya),38.368,37.591,7.04,MW,3.5,Türkiye,Malatya,Darende,Yukarıulupınar,2023-06-27 19:02:05,False,
0.11,592919,Pazarcık (Kahramanmaraş),37.301,37.09,12.29,ML,3.6,Türkiye,Kahramanmaraş,Pazarcık,Ördekdede,2023-06-28 14:14:49,False,
0.26,592943,Doğubayazıt (Ağrı),39.666,43.692,12.14,ML,3.2,Türkiye,Ağrı,Doğubayazıt,Çalıköy,2023-06-28 19:21:31,False,
0.25,592953,Göksun (Kahramanmaraş),38.129,36.888,7.99,ML,3.1,Türkiye,Kahramanmaraş,Göksun,Kamışcık,2023-06-28 22:00:37,False,
0.35,592961,Akdeniz - [42.01 km] Fethiye (Muğla),36.305,28.702,7.2,ML,3.4,Türkiye,Muğla,Fethiye,,2023-06-28 23:32:00,False,
0.58,592963,Merkez (Bingöl),39.0,40.59,7.04,ML,3.1,Türkiye,Bingöl,Merkez,Ortaçanak,2023-06-29 00:04:05,False,
0.38,592976,Göksun (Kahramanmaraş),37.998,36.357,6.98,MW,4.3,Türkiye,Kahramanmaraş,Göksun,Huğtaş,2023-06-29 05:28:07,False,
0.48,593007,Onikişubat (Kahramanmaraş),37.793,36.565,7.0,ML,3.2,Türkiye,Kahramanmaraş,Onikişubat,Kaynar,2023-06-29 10:22:57,False,
0.41,593008,Doğanşehir (Malatya),38.114,37.871,5.05,ML,3.3,Türkiye,Malatya,Doğanşehir,Yolkoru,2023-06-29 10:30:52,False,
0.58,593023,Ege Denizi - [66.91 km] Datça (Muğla),36.092,27.402,7.92,ML,3.4,Türkiye,Muğla,Datça,,2023-06-29 13:39:52,False,
0.88,593069,Akdeniz - [66.64 km] Marmaris (Muğla),36.033,28.054,11.92,ML,3.2,Türkiye,Muğla,Marmaris,,2023-06-29 18:37:59,False,
0.31,593125,Pazarcık (Kahramanmaraş),37.54,37.231,12.78,ML,3.1,Türkiye,Kahramanmaraş,Pazarcık,Çamlıca,2023-06-29 22:47:43,False,
0.62,593152,Karakoçan (Elazığ),39.114,40.282,15.76,ML,3.3,Türkiye,Elazığ,Karakoçan,Çelebi,2023-06-30 01:00:46,False,
0.48,593161,Tut (Adıyaman),37.894,37.886,7.13,ML,3.1,Türkiye,Adıyaman,Tut,Erkenek,2023-06-30 01:45:54,False,
0.44,593190,Sarız (Kayseri),38.301,36.381,6.1,ML,3.6,Türkiye,Kayseri,Sarız,Yeşilkent,2023-06-30 04:12:55,False,
0.77,593289,Göksun (Kahramanmaraş),38.0,36.569,5.52,MW,3.9,Türkiye,Kahramanmaraş,Göksun,Yantepe,2023-07-01 01:00:06,False,
0.45,593345,Nurhak (Kahramanmaraş),38.025,37.356,7.01,ML,3.5,Türkiye,Kahramanmaraş,Nurhak,Barış,2023-07-01 12:04:12,False,
0.49,593375,Onikişubat (Kahramanmaraş),37.491,36.658,7.0,ML,3.3,Türkiye,Kahramanmaraş,Onikişubat,Büyüksır,2023-07-01 17:27:09,False,
0.55,593423,Onikişubat (Kahramanmaraş),37.845,36.472,7.0,ML,3.4,Türkiye,Kahramanmaraş,Onikişubat,Kumarlı,2023-07-02 03:38:52,False,
0.74,593469,Defne (Hatay),36.181,36.138,7.0,MW,3.7,Türkiye,Hatay,Defne,Subaşı,2023-07-02 10:15:59,False,
0.61,593493,Onikişubat (Kahramanmaraş),37.842,36.605,7.02,MW,3.3,Türkiye,Kahramanmaraş,Onikişubat,Çevrepınar,2023-07-02 13:59:44,False,
0.35,593549,Yatağan (Muğla),37.31,28.083,8.25,ML,3.1,Türkiye,Muğla,Yatağan,Şahinler,2023-07-02 22:27:24,False,
0.47,593585,Akhisar (Manisa),39.056,27.786,7.01,ML,3.1,Türkiye,Manisa,Akhisar,İlyaslar,2023-07-03 04:18:54,False,
0.79,593596,Akdeniz - [04.30 km] Samandağ (Hatay),36.104,35.888,23.45,ML,3.6,Türkiye,Hatay,Samandağ,,2023-07-03 06:31:50,False,
0.43,593614,Elbistan (Kahramanmaraş),38.079,37.256,7.0,ML,3.4,Türkiye,Kahramanmaraş,Elbistan,Gümüşdöven,2023-07-03 10:59:05,False,
0.36,593659,Merkez (Bitlis),38.395,42.174,13.09,ML,3.2,Türkiye,Bitlis,Merkez,Tabanözü,2023-07-03 21:11:56,False,
0.56,593685,Shirak (Ermenistan) - [34.42 km] Akyaka (Kars),41.136,43.955,11.57,MW,3.4,Ermenistan,,,,2023-07-04 08:04:14,False,
0.68,593795,Göksun (Kahramanmaraş),38.034,36.633,6.97,MW,3.6,Türkiye,Kahramanmaraş,Göksun,Elmalı,2023-07-05 05:55:12,False,
0.51,593796,Korgun (Çankırı),40.743,33.568,7.0,MW,3.1,Türkiye,Çankırı,Korgun,İkiçam,2023-07-05 05:50:36,False,
0.37,593799,Göksun (Kahramanmaraş),38.086,36.694,6.99,MW,3.4,Türkiye,Kahramanmaraş,Göksun,Fındık,2023-07-05 06:29:41,False,
0.29,593824,Sivrice (Elazığ),38.456,39.129,13.72,MW,3.4,Türkiye,Elazığ,Sivrice,Molla Hüseyin,2023-07-05 14:12:14,False,
0.39,593841,Sivrice (Elazığ),38.455,39.126,11.92,ML,3.4,Türkiye,Elazığ,Sivrice,Molla Hüseyin,2023-07-05 17:38:01,False,
0.39,593887,Nurdağı (Gaziantep),37.039,36.94,5.06,ML,3.1,Türkiye,Gaziantep,Nurdağı,Demirler,2023-07-05 23:40:30,False,
0.31,593971,Mustafakemalpaşa (Bursa),39.857,28.732,7.0,ML,3.4,Türkiye,Bursa,Mustafakemalpaşa,Yukarıbalı,2023-07-06 14:28:11,False,
0.53,593997,Kalecik (Ankara),40.126,33.305,7.0,MW,3.6,Türkiye,Ankara,Kalecik,Eskiköy,2023-07-06 18:42:03,True,7/6/2023 6:48:01 PM
0.51,594037,Andırın (Kahramanmaraş),37.723,36.31,7.0,ML,3.2,Türkiye,Kahramanmaraş,Andırın,Çokak,2023-07-06 22:36:11,False,
0.24,594100,Maden (Elazığ),38.483,39.467,0.8,ML,3.1,Türkiye,Elazığ,Maden,Hatunköy,2023-07-07 06:40:51,False,
0.34,594107,Ayvacık (Çanakkale),39.492,26.119,16.52,ML,3.1,Türkiye,Çanakkale,Ayvacık,Kocaköy,2023-07-07 09:03:25,False,
0.28,594172,Nurhak (Kahramanmaraş),38.023,37.449,7.56,ML,3.5,Türkiye,Kahramanmaraş,Nurhak,Karahasanuşağı,2023-07-07 18:38:43,False,
0.29,594262,Samandağ (Hatay),36.176,36.052,10.13,ML,3.2,Türkiye,Hatay,Samandağ,Çanakoluk,2023-07-08 20:02:00,False,
0.41,594311,Göksun (Kahramanmaraş),37.973,36.359,7.0,ML,3.6,Türkiye,Kahramanmaraş,Göksun,Huğtaş,2023-07-09 02:27:35,False,
0.58,594357,Korkuteli (Antalya),37.141,30.198,6.93,ML,3.4,Türkiye,Antalya,Korkuteli,Akyar,2023-07-09 14:35:29,False,
0.45,594358,Korkuteli (Antalya),37.135,30.181,9.8,ML,3.1,Türkiye,Antalya,Korkuteli,Akyar,2023-07-09 14:34:45,False,
0.59,594391,Çardak (Denizli),37.718,29.8,10.64,ML,3.6,Türkiye,Denizli,Çardak,Gölcük,2023-07-10 03:19:47,False,
0.41,594592,"Ege Denizi, Midilli Adası (Lesvos) - [14.06 km] Ayvacık (Çanakkale)",39.373,26.278,7.0,MW,4.0,Türkiye,Çanakkale,Ayvacık,,2023-07-11 09:52:18,False,
0.37,594712,Ege Denizi - Çandarlı Körfezi - [03.60 km] Aliağa (İzmir),38.888,27.024,10.09,ML,3.5,Türkiye,İzmir,Aliağa,,2023-07-12 08:52:45,False,
0.43,594771,Akçadağ (Malatya),38.262,37.807,7.08,ML,3.1,Türkiye,Malatya,Akçadağ,Ortaköy,2023-07-12 20:47:13,False,
0.97,594790,Nurdağı (Gaziantep),37.228,36.753,6.02,ML,3.2,Türkiye,Gaziantep,Nurdağı,Bademli,2023-07-13 00:43:09,False,
0.65,594802,Çaldıran (Van),39.094,44.085,8.2,ML,3.6,Türkiye,Van,Çaldıran,Çubuklu,2023-07-13 03:32:54,False,
0.63,594857,Elbistan (Kahramanmaraş),38.289,37.208,12.44,ML,3.8,Türkiye,Kahramanmaraş,Elbistan,Küçükyapalak,2023-07-13 12:32:21,False,
0.5,595132,Sarız (Kayseri),38.33,36.428,10.3,ML,3.4,Türkiye,Kayseri,Sarız,Kurudere,2023-07-15 03:34:00,False,
0.35,595178,Nurhak (Kahramanmaraş),38.019,37.408,7.0,MW,3.9,Türkiye,Kahramanmaraş,Nurhak,Barış,2023-07-15 17:32:48,False,
0.38,595237,Doğanşehir (Malatya),38.074,37.86,10.02,ML,3.4,Türkiye,Malatya,Doğanşehir,Yeni,2023-07-16 07:59:39,False,
0.26,595239,Onikişubat (Kahramanmaraş),37.839,36.659,9.82,ML,3.2,Türkiye,Kahramanmaraş,Onikişubat,Şahinkayası,2023-07-16 09:12:34,False,
0.39,595328,Elbistan (Kahramanmaraş),38.165,37.399,7.0,ML,3.5,Türkiye,Kahramanmaraş,Elbistan,Bakış,2023-07-17 02:39:55,False,
0.77,595341,Elbistan (Kahramanmaraş),38.208,37.173,7.0,ML,3.1,Türkiye,Kahramanmaraş,Elbistan,Karaelbistan,2023-07-17 04:22:34,False,
0.44,595343,Göksun (Kahramanmaraş),38.158,36.685,7.0,ML,3.2,Türkiye,Kahramanmaraş,Göksun,Büyükkızılcık,2023-07-17 05:01:07,False,
0.48,595386,Nurdağı (Gaziantep),37.177,36.786,5.68,ML,3.2,Türkiye,Gaziantep,Nurdağı,Kömürler,2023-07-17 09:28:36,False,
0.57,595454,Elbistan (Kahramanmaraş),38.257,37.206,4.89,ML,3.2,Türkiye,Kahramanmaraş,Elbistan,Çatova,2023-07-17 22:10:03,False,
0.51,595581,Antakya (Hatay),36.328,36.156,10.26,ML,3.4,Türkiye,Hatay,Antakya,Üçgedik,2023-07-19 00:20:00,False,
0.34,595590,Yeşilyurt (Malatya),38.164,38.175,7.01,ML,3.5,Türkiye,Malatya,Yeşilyurt,Atalar,2023-07-19 03:05:47,False,
0.25,595599,Yeşilyurt (Malatya),38.192,38.022,7.0,ML,3.2,Türkiye,Malatya,Yeşilyurt,Gözene,2023-07-19 04:49:30,False,
0.91,595644,Göksun (Kahramanmaraş),38.143,36.905,7.0,ML,3.4,Türkiye,Kahramanmaraş,Göksun,Soğucak,2023-07-19 14:02:48,False,
0.43,595793,Yeşilyurt (Malatya),38.164,38.122,7.41,ML,3.1,Türkiye,Malatya,Yeşilyurt,Oluklu,2023-07-20 18:40:39,False,
0.39,595814,Ege Denizi - Kuşadası Körfezi - [10.31 km] Kuşadası (Aydın),37.726,27.108,13.11,MW,4.0,Türkiye,Aydın,Kuşadası,,2023-07-20 23:49:14,False,
0.62,595932,Ceyhan (Adana),37.187,36.037,24.75,ML,3.1,Türkiye,Adana,Ceyhan,Burhanlı,2023-07-21 12:14:35,False,
0.41,595980,Pütürge (Malatya),38.135,38.594,7.0,MW,3.9,Türkiye,Malatya,Pütürge,Arıkonak,2023-07-21 23:03:18,False,
0.26,595993,Yeşilyurt (Malatya),38.316,38.15,13.12,ML,3.7,Türkiye,Malatya,Yeşilyurt,Görgü,2023-07-22 02:43:33,False,
0.33,596036,Saimbeyli (Adana),37.852,36.239,7.0,MW,3.9,Türkiye,Adana,Saimbeyli,Karakuyu,2023-07-22 10:37:11,False,
0.41,596091,Aladağ (Adana),37.524,35.417,7.0,ML,3.4,Türkiye,Adana,Aladağ,Akpınar,2023-07-22 22:21:06,False,
0.42,596139,Merkez (Hakkari),37.501,43.809,15.86,ML,3.1,Türkiye,Hakkari,Merkez,Ağaçdibi,2023-07-23 05:29:04,False,
0.49,596223,Elbistan (Kahramanmaraş),38.326,37.371,4.39,ML,3.5,Türkiye,Kahramanmaraş,Elbistan,İncecik,2023-07-23 21:22:11,False,
0.53,596237,Saimbeyli (Adana),37.864,36.235,8.2,ML,3.1,Türkiye,Adana,Saimbeyli,Karakuyu,2023-07-24 02:00:03,False,
0.56,596316,Doğanşehir (Malatya),38.038,37.763,11.72,MW,3.8,Türkiye,Malatya,Doğanşehir,Söğüt,2023-07-24 22:39:32,False,
0.64,596331,Kozan (Adana),37.657,35.84,7.0,ML,3.2,Türkiye,Adana,Kozan,Çamdere,2023-07-25 05:51:51,False,
0.33,596330,Kozan (Adana),37.634,35.884,10.38,MW,5.5,Türkiye,Adana,Kozan,Karabucak,2023-07-25 05:44:49,True,7/25/2023 5:58:05 AM
0.49,596335,Kozan (Adana),37.623,35.835,7.01,ML,3.2,Türkiye,Adana,Kozan,Çamdere,2023-07-25 06:02:04,False,
0.69,596338,Kozan (Adana),37.63,35.876,7.0,ML,3.1,Türkiye,Adana,Kozan,Karabucak,2023-07-25 06:24:42,False,
0.67,596352,Kozan (Adana),37.607,35.883,6.88,ML,3.5,Türkiye,Adana,Kozan,Karabucak,2023-07-25 07:33:18,False,
0.92,596356,Kozan (Adana),37.635,35.889,7.0,ML,3.9,Türkiye,Adana,Kozan,Karabucak,2023-07-25 07:48:33,False,
0.53,596357,Kozan (Adana),37.619,35.854,7.02,ML,3.1,Türkiye,Adana,Kozan,Orçan,2023-07-25 07:52:12,False,
0.42,596351,Kozan (Adana),37.59,35.888,9.06,MW,4.4,Türkiye,Adana,Kozan,Gedikli,2023-07-25 07:57:54,False,
0.59,596391,Kozan (Adana),37.609,35.842,7.01,ML,3.2,Türkiye,Adana,Kozan,Çamdere,2023-07-25 10:09:37,False,
0.45,596401,Kozan (Adana),37.637,35.856,7.0,ML,3.2,Türkiye,Adana,Kozan,Çulluuşağı,2023-07-25 11:05:51,False,
0.63,596414,Kozan (Adana),37.592,35.866,7.36,ML,3.3,Türkiye,Adana,Kozan,Karabucak,2023-07-25 11:47:53,False,
0.25,596431,Onikişubat (Kahramanmaraş),37.889,36.618,7.07,ML,3.1,Türkiye,Kahramanmaraş,Onikişubat,Tekir,2023-07-25 13:38:57,False,
0.37,596457,Kozan (Adana),37.634,35.856,10.82,ML,3.1,Türkiye,Adana,Kozan,Çulluuşağı,2023-07-25 17:28:18,False,
0.56,596468,Kozan (Adana),37.651,35.902,7.0,ML,3.1,Türkiye,Adana,Kozan,Mahyalar,2023-07-25 18:45:45,False,
0.26,596510,Sincik (Adıyaman),37.964,38.586,5.19,ML,3.7,Türkiye,Adıyaman,Sincik,Çatbahçe,2023-07-26 01:10:11,False,
0.33,596517,Tortum (Erzurum),40.456,41.378,7.01,ML,3.6,Türkiye,Erzurum,Tortum,Derinpınar,2023-07-26 01:46:41,False,
0.17,596560,Doğanşehir (Malatya),37.969,38.087,7.0,ML,3.3,Türkiye,Malatya,Doğanşehir,Kurucaova,2023-07-26 03:02:31,False,
0.64,596600,Kozan (Adana),37.609,35.872,10.42,ML,3.7,Türkiye,Adana,Kozan,Karabucak,2023-07-26 10:55:17,False,
0.61,596610,Elbistan (Kahramanmaraş),38.274,37.243,7.17,MW,3.6,Türkiye,Kahramanmaraş,Elbistan,Eldelek,2023-07-26 13:44:10,False,
0.48,596624,Göksun (Kahramanmaraş),38.096,36.952,10.4,MW,3.9,Türkiye,Kahramanmaraş,Göksun,Karatut,2023-07-26 16:25:15,False,
0.39,596687,Kozan (Adana),37.63,35.852,7.04,ML,3.1,Türkiye,Adana,Kozan,Çulluuşağı,2023-07-27 04:52:03,False,
0.24,596691,Defne (Hatay),36.082,36.067,16.99,ML,3.3,Türkiye,Hatay,Defne,Sinanlı,2023-07-27 05:38:27,False,
0.61,596696,Kozan (Adana),37.673,35.871,7.03,ML,3.3,Türkiye,Adana,Kozan,Çulluuşağı,2023-07-27 06:29:05,False,
0.33,596702,Marmara Denizi - [19.99 km] Marmara (Balıkesir),40.791,27.81,11.75,ML,3.1,Türkiye,Balıkesir,Marmara,,2023-07-27 08:32:50,False,
0.46,596884,Genç (Bingöl),38.509,40.266,21.28,MW,3.8,Türkiye,Bingöl,Genç,Çobançeşmesi,2023-07-28 17:38:56,False,
0.55,596907,Ekinözü (Kahramanmaraş),38.06,37.196,4.09,ML,3.3,Türkiye,Kahramanmaraş,Ekinözü,Maarif,2023-07-28 21:59:00,False,
0.43,597019,Göksun (Kahramanmaraş),37.95,36.288,7.0,ML,3.1,Türkiye,Kahramanmaraş,Göksun,Kazandere,2023-07-29 21:21:02,False,
0.63,597051,Pasinler (Erzurum),39.93,41.586,6.73,ML,3.2,Türkiye,Erzurum,Pasinler,Alvar,2023-07-30 01:19:18,False,
0.45,597096,Arsuz (Hatay),36.326,35.902,7.0,ML,3.6,Türkiye,Hatay,Arsuz,Haymaseki,2023-07-30 15:13:17,False,
0.34,597099,Çelikhan (Adıyaman),38.09,38.277,7.24,ML,3.1,Türkiye,Adıyaman,Çelikhan,Bozgedik,2023-07-30 16:13:52,False,
0.4,597209,Sincik (Adıyaman),38.109,38.454,7.0,MW,3.6,Türkiye,Adıyaman,Sincik,Karaköse,2023-07-31 15:23:16,False,
0.72,597235,Dulkadiroğlu (Kahramanmaraş),37.438,37.148,7.06,MW,3.8,Türkiye,Kahramanmaraş,Dulkadiroğlu,Eskinarlı,2023-07-31 21:53:37,False,
0.67,597270,Özlüce Barajı - [03.52 km] Kiğı (Bingöl),39.237,40.356,7.53,ML,3.2,Türkiye,Bingöl,Kiğı,Baklalı,2023-08-01 08:47:48,False,
0.55,597326,Buca (İzmir),38.333,27.196,7.69,MW,3.9,Türkiye,İzmir,Buca,Zafer,2023-08-01 15:36:45,False,
0.38,597361,Doğanşehir (Malatya),38.043,37.75,7.16,MW,3.4,Türkiye,Malatya,Doğanşehir,Elmalı,2023-08-01 21:21:56,False,
0.39,597322,Selçuklu (Konya),38.078,32.598,7.83,MW,5.0,Türkiye,Konya,Selçuklu,Sarıcalar,2023-08-01 15:06:51,True,8/1/2023 3:18:34 PM
0.41,597344,Narman (Erzurum),40.329,42.18,9.56,MW,4.1,Türkiye,Erzurum,Narman,Parmakdere,2023-08-01 18:37:03,False,
0.32,591140,Pazarcık (Kahramanmaraş),37.658,37.424,11.74,MW,4.1,Türkiye,Kahramanmaraş,Pazarcık,Sakarkaya,2023-06-17 22:02:55,False,
0.36,591273,Pütürge (Malatya),38.202,38.619,7.06,MW,4.6,Türkiye,Malatya,Pütürge,Arıtoprak,2023-06-18 15:36:28,False,
0.21,591331,Yeşilyurt (Malatya),38.184,38.075,3.3,MW,4.4,Türkiye,Malatya,Yeşilyurt,Gözene,2023-06-19 00:30:18,False,
0.62,591429,Aşkale (Erzurum),39.908,40.736,12.52,MW,4.3,Türkiye,Erzurum,Aşkale,Güllüdere,2023-06-19 11:43:24,False,
0.52,591465,Göksun (Kahramanmaraş),38.003,36.571,7.0,MW,4.7,Türkiye,Kahramanmaraş,Göksun,Yantepe,2023-06-19 18:31:30,True,6/19/2023 6:51:29 PM
0.29,591887,Çelikhan (Adıyaman),38.104,38.452,7.01,MW,4.1,Türkiye,Adıyaman,Çelikhan,Karaköse,2023-06-22 05:21:02,False,
0.25,592799,Sivrice (Elazığ),38.423,39.213,7.75,MW,4.1,Türkiye,Elazığ,Sivrice,Yedipınar,2023-06-27 12:40:06,True,6/27/2023 12:45:45 PM
0.34,593022,Nurhak (Kahramanmaraş),38.007,37.406,5.53,MW,4.0,Türkiye,Kahramanmaraş,Nurhak,Alçiçek Değirmenkaya,2023-06-29 13:34:42,False,
0.18,594760,Susurluk (Balıkesir),39.976,28.104,6.87,ML,4.1,Türkiye,Balıkesir,Susurluk,Söve,2023-07-12 17:37:39,False,
0.84,597432,Ekinözü (Kahramanmaraş),38.07,37.024,9.1,ML,3.2,Türkiye,Kahramanmaraş,Ekinözü,Soysallı,2023-08-02 09:10:19,False,
0.53,595456,Köprüköy (Erzurum),39.811,41.826,7.02,MW,4.0,Türkiye,Erzurum,Köprüköy,Duatepe,2023-07-18 00:27:21,False,
0.48,595923,Elbistan (Kahramanmaraş),38.176,37.256,5.55,MW,4.0,Türkiye,Kahramanmaraş,Elbistan,Çiçek OSB,2023-07-21 11:23:24,False,
0.42,596046,Doğanşehir (Malatya),38.043,37.63,7.05,MW,4.2,Türkiye,Malatya,Doğanşehir,Gövdeli,2023-07-22 14:43:09,False,
0.28,596172,Elbistan (Kahramanmaraş),38.19,37.277,8.76,MW,4.0,Türkiye,Kahramanmaraş,Elbistan,Çiçek OSB,2023-07-23 10:48:37,False,
0.26,597496,Gölbaşı (Adıyaman),37.79,37.628,8.01,ML,3.4,Türkiye,Adıyaman,Gölbaşı,Kurugeçit,2023-08-02 23:20:23,False,
0.49,597523,Akdeniz - [04.82 km] Samandağ (Hatay),36.135,35.885,7.0,MW,3.9,Türkiye,Hatay,Samandağ,,2023-08-03 04:15:45,False,
0.35,597524,Pütürge (Malatya),38.167,38.674,7.04,MW,4.3,Türkiye,Malatya,Pütürge,Esenlik,2023-08-03 04:56:15,False,
0.39,597565,Akdeniz - Antakya Körfezi - [03.90 km] Samandağ (Hatay),36.122,35.891,10.19,ML,3.4,Türkiye,Hatay,Samandağ,,2023-08-03 10:39:34,False,
0.88,597625,Kadirli (Osmaniye),37.242,36.064,7.04,ML,3.3,Türkiye,Osmaniye,Kadirli,Dikenli,2023-08-04 00:01:19,False,
0.81,597638,Akdeniz - Antalya Körfezi - [42.95 km] Manavgat (Antalya),36.436,31.175,46.01,ML,3.7,Türkiye,Antalya,Manavgat,,2023-08-04 06:18:34,False,
0.12,597654,Pütürge (Malatya),38.189,38.699,7.05,ML,3.2,Türkiye,Malatya,Pütürge,Körme,2023-08-04 10:18:58,False,
0.31,597674,Çobanlar (Afyonkarahisar),38.676,30.86,10.67,ML,3.1,Türkiye,Afyonkarahisar,Çobanlar,Termalkent,2023-08-04 14:01:05,False,
0.3,597682,Dulkadiroğlu (Kahramanmaraş),37.501,37.057,7.7,ML,3.6,Türkiye,Kahramanmaraş,Dulkadiroğlu,Çiğli,2023-08-04 15:36:14,False,
0.2,597912,Marmara Denizi - [05.54 km] Merkez (Yalova),40.702,29.227,7.7,ML,3.3,Türkiye,Yalova,Merkez,,2023-08-06 15:29:01,False,
0.43,597925,Kozan (Adana),37.654,35.922,7.01,ML,3.8,Türkiye,Adana,Kozan,Mahyalar,2023-08-06 18:48:58,False,
0.21,597931,Kozan (Adana),37.638,35.932,7.02,ML,3.2,Türkiye,Adana,Kozan,Çürüklü,2023-08-06 19:14:26,False,
0.45,597944,Kozan (Adana),37.652,35.931,6.95,ML,3.4,Türkiye,Adana,Kozan,Çürüklü,2023-08-06 21:35:55,False,
0.47,597958,Göksun (Kahramanmaraş),38.205,36.502,6.91,ML,3.3,Türkiye,Kahramanmaraş,Göksun,Keklikoluk,2023-08-07 00:59:16,False,
0.98,598070,Tuşba (Van),38.739,43.258,11.91,ML,3.2,Türkiye,Van,Tuşba,Dağönü,2023-08-08 00:48:05,False,
0.3,598171,Hazar Gölü - [01.92 km] Maden (Elazığ),38.492,39.475,7.01,ML,3.7,Türkiye,Elazığ,Maden,Plajköy,2023-08-08 13:47:02,False,
0.75,598214,Haseke (Suriye) - [113.68 km] Kızıltepe (Mardin),36.004,40.798,18.43,ML,3.1,Suriye,,,,2023-08-09 02:35:58,False,
0.57,598229,Göksun (Kahramanmaraş),37.963,36.285,7.0,MW,3.8,Türkiye,Kahramanmaraş,Göksun,Kazandere,2023-08-09 05:10:23,False,
0.4,598245,İslahiye (Gaziantep),36.985,36.586,7.18,ML,3.5,Türkiye,Gaziantep,İslahiye,İdilli,2023-08-09 08:05:06,True,8/9/2023 8:21:54 AM
0.41,598247,Göksun (Kahramanmaraş),38.14,36.616,7.0,ML,3.2,Türkiye,Kahramanmaraş,Göksun,Yeniyapan,2023-08-09 08:22:45,False,
0.31,598284,Yeşilyurt (Malatya),38.193,38.443,12.1,MW,4.4,Türkiye,Malatya,Yeşilyurt,Uluköy,2023-08-09 17:01:46,False,
0.36,598349,Pütürge (Malatya),38.161,38.672,12.18,ML,3.6,Türkiye,Malatya,Pütürge,Başmezra,2023-08-10 08:48:14,False,
0.5,598363,Hani (Diyarbakır),38.539,40.376,16.81,ML,4.2,Türkiye,Diyarbakır,Hani,Kaledibi,2023-08-10 12:25:52,False,
0.7,598372,Elbistan (Kahramanmaraş),38.438,37.309,7.02,ML,3.3,Türkiye,Kahramanmaraş,Elbistan,Gökçek,2023-08-10 14:01:34,False,
0.5,598387,Yeşilyurt (Malatya),38.282,38.211,7.0,ML,3.4,Türkiye,Malatya,Yeşilyurt,Mullakasım,2023-08-10 17:49:55,False,
0.24,598416,Yeşilyurt (Malatya),38.273,38.197,7.0,ML,3.2,Türkiye,Malatya,Yeşilyurt,Seyituşağı,2023-08-10 19:58:36,False,
0.55,598436,Torbalı (İzmir),38.103,27.44,7.08,ML,3.2,Türkiye,İzmir,Torbalı,Subaşı,2023-08-10 22:15:33,False,
0.24,598450,Pazarcık (Kahramanmaraş),37.415,37.158,6.97,ML,3.1,Türkiye,Kahramanmaraş,Pazarcık,Nefsidoğanlı,2023-08-10 23:10:02,False,
0.39,598456,Sarız (Kayseri),38.289,36.388,6.94,ML,3.1,Türkiye,Kayseri,Sarız,Yeşilkent,2023-08-10 23:42:50,False,
0.4,598497,Ekinözü (Kahramanmaraş),38.068,37.21,7.0,ML,3.2,Türkiye,Kahramanmaraş,Ekinözü,Maarif,2023-08-11 05:57:24,False,
0.52,598542,Elbistan (Kahramanmaraş),38.269,37.251,0.19,ML,3.8,Türkiye,Kahramanmaraş,Elbistan,Eldelek,2023-08-11 11:42:51,False,
0.33,598558,Yeşilyurt (Malatya),38.323,38.208,10.78,ML,3.4,Türkiye,Malatya,Yeşilyurt,Yakınca,2023-08-11 12:22:25,False,
0.48,598583,Pazarcık (Kahramanmaraş),37.417,37.165,7.32,MW,3.3,Türkiye,Kahramanmaraş,Pazarcık,Nefsidoğanlı,2023-08-11 16:24:08,False,
0.19,598643,Ege Denizi - Kuşadası Körfezi - [17.52 km] Menderes (İzmir),37.889,26.986,11.14,ML,3.9,Türkiye,İzmir,Menderes,,2023-08-12 04:25:54,False,
0.18,598658,Zara (Sivas),39.98,37.542,12.87,ML,3.5,Türkiye,Sivas,Zara,Karacahisar,2023-08-12 06:23:32,False,
0.5,598673,Saimbeyli (Adana),37.856,36.218,7.0,ML,3.7,Türkiye,Adana,Saimbeyli,Karakuyu,2023-08-12 09:42:49,False,
0.31,598696,Lice (Diyarbakır),38.551,40.588,4.58,ML,3.1,Türkiye,Diyarbakır,Lice,Hedik,2023-08-12 12:14:07,False,
0.43,598704,Yeşilyurt (Malatya),38.317,38.225,7.0,MW,4.5,Türkiye,Malatya,Yeşilyurt,Yakınca,2023-08-12 13:40:01,False,
0.64,598770,Hassa (Hatay),36.814,36.53,9.93,ML,3.3,Türkiye,Hatay,Hassa,Çay,2023-08-12 20:51:24,False,
0.31,598779,"Akdeniz, Kekova Adası, Demre (Antalya)",36.176,29.885,36.06,ML,3.1,Türkiye,Antalya,Demre,Kekova Adası,2023-08-12 21:43:50,False,
0.48,598826,Göksun (Kahramanmaraş),37.994,36.608,7.94,ML,3.2,Türkiye,Kahramanmaraş,Göksun,Saraycık,2023-08-13 04:43:21,False,
0.62,598851,Altıntaş (Kütahya),39.052,29.906,6.28,ML,3.3,Türkiye,Kütahya,Altıntaş,Alıncık,2023-08-13 11:01:34,False,
0.41,598956,Ege Denizi - İzmir Körfezi - [11.00 km] Urla (İzmir),38.49,26.795,10.27,MW,3.7,Türkiye,İzmir,Urla,,2023-08-14 05:05:38,False,
0.39,598386,Yeşilyurt (Malatya),38.308,38.209,7.89,MW,5.3,Türkiye,Malatya,Yeşilyurt,Mullakasım,2023-08-10 17:48:00,True,8/10/2023 5:56:55 PM
0.27,598703,Yeşilyurt (Malatya),38.312,38.228,6.35,MW,4.8,Türkiye,Malatya,Yeşilyurt,Yakınca,2023-08-12 13:39:16,False,
0.32,598730,Yeşilyurt (Malatya),38.286,38.206,9.13,MW,4.2,Türkiye,Malatya,Yeşilyurt,İkizce,2023-08-12 15:18:19,False,
0.34,598469,Karlıova (Bingöl),39.38,40.892,7.43,MW,4.3,Türkiye,Bingöl,Karlıova,Kazanlı,2023-08-11 01:55:27,False,
0.82,598986,Pülümür (Tunceli),39.407,39.919,6.92,ML,3.1,Türkiye,Tunceli,Pülümür,Gökçekonak,2023-08-14 10:53:00,False,
0.37,599012,Samandağ (Hatay),36.234,35.905,13.1,ML,3.1,Türkiye,Hatay,Samandağ,Büyükoba,2023-08-14 16:20:13,False,
0.49,599116,Elbistan (Kahramanmaraş),38.375,37.496,11.61,ML,3.2,Türkiye,Kahramanmaraş,Elbistan,Aşağıulupınar,2023-08-15 02:11:22,False,
0.61,599273,Akçadağ (Malatya),38.277,37.825,7.0,ML,3.4,Türkiye,Malatya,Akçadağ,Ortaköy,2023-08-16 13:08:47,False,
0.28,599284,Sincik (Adıyaman),38.108,38.437,13.6,ML,3.2,Türkiye,Adıyaman,Sincik,Karaköse,2023-08-16 14:04:00,False,
0.55,599289,Aladağ (Adana),37.658,35.38,7.3,ML,4.5,Türkiye,Adana,Aladağ,Yetimli,2023-08-16 14:36:58,False,
0.49,599302,Nurdağı (Gaziantep),37.308,36.888,13.97,ML,3.3,Türkiye,Gaziantep,Nurdağı,Balıkalan,2023-08-16 18:06:39,False,
0.19,599358,Göksun (Kahramanmaraş),37.966,36.381,7.12,ML,3.6,Türkiye,Kahramanmaraş,Göksun,Sırmalı,2023-08-17 06:45:49,False,
0.61,599359,"Afrin, Halep (Suriye) - [02.96 km] Kırıkhan (Hatay)",36.511,36.555,15.84,ML,3.1,Suriye,,,,2023-08-17 07:09:49,False,
0.39,599398,Gölbaşı (Adıyaman),37.798,37.716,5.43,MW,4.1,Türkiye,Adıyaman,Gölbaşı,Akçakaya,2023-08-17 15:25:06,False,
0.36,599409,Göksun (Kahramanmaraş),37.982,36.393,7.02,ML,3.1,Türkiye,Kahramanmaraş,Göksun,Huğtaş,2023-08-17 17:21:42,False,
0.99,599540,Elbistan (Kahramanmaraş),38.368,37.474,7.0,ML,3.4,Türkiye,Kahramanmaraş,Elbistan,Yalıntaş,2023-08-18 13:44:50,False,
0.36,599552,Merkez (Osmaniye),37.017,36.384,12.84,ML,3.1,Türkiye,Osmaniye,Merkez,Yarpuz,2023-08-18 15:53:36,False,
0.35,599588,Ege Denizi - İzmir Körfezi - [05.81 km] Foça (İzmir),38.677,26.678,9.01,ML,3.3,Türkiye,İzmir,Foça,,2023-08-18 20:59:51,False,
0.29,599628,Marmaris (Muğla),36.694,28.105,67.14,ML,3.1,Türkiye,Muğla,Marmaris,Selimiye,2023-08-18 22:00:18,False,
